,Runtime (Minutes),ProductionBudget,DomesticGross,c1,c2,c2
329,0.4049586776859505,1.0928435327196646,1.3184632231364384,0.41758134733424535,-0.6987194815119131,0.8830857512905864
106,0.6115702479338845,-0.8282058200763418,-0.6746912315632598,-0.7008772384303598,-0.7159953610544108,0.476286618438835
263,0.6033057851239669,1.9292098612297104,1.8016338015539932,1.0100052846681786,-0.08731554451659355,-0.2518862622671265
203,0.2975206611570249,-1.0055760141597996,-0.35292311690123257,-0.13048229789105795,0.8029901333904512,0.4457385693327129
164,0.3801652892561984,1.256802942769435,1.2065968093642496,1.0747640788085506,-0.055725915250239344,-0.35569958478838426
153,0.6776859504132231,-0.6236203165017705,-0.7629515940994721,-0.20113096266797514,-0.15117252866504424,-0.9024391523555637
483,0.42148760330578516,0.21265351974152005,0.9456994859168213,-0.7269291438287543,-0.2809171876172863,-0.4626939268887721
418,0.347107438016529,-1.0946395154673343,-0.9871314610238909,-0.10362995142306972,-0.4287852649597816,0.9419971659931028
284,0.38842975206611574,-0.2718946355611841,-0.8833953153898035,-0.16918614592629697,-0.6646688700021197,-0.10320077439247015
702,0.3719008264462811,-0.6236203165017705,-0.2264597603309449,0.5130689270112976,0.29226829567129825,-0.22797126783153707
250,0.2396694214876034,-1.4966445224083307,-1.5304980746077435,-0.13492199515012052,-0.5218171394253108,1.2564025623343997
283,0.38842975206611574,-0.209090041669874,0.4886620002434866,0.6532504292172697,-0.5533511862100496,0.2773625531578322
35,0.578512396694215,2.459145907611647,1.3866852224539032,1.0747640788085506,-0.05572591525023931,-0.3556995847883843
563,0.3553719008264463,-0.9778848578991329,-0.42422128710298523,-0.8334019645620041,-0.23115861951967684,-0.20781870797572813
179,0.28099173553719015,-1.1599246610557326,-0.9106881331330742,-0.7630806383929252,-0.3127587903956539,-0.49797265579961736
440,0.42148760330578516,0.442223810919451,-0.5204556392537019,-0.12787410093894658,-0.5114022079814772,-0.37293787471162954
382,0.5371900826446281,0.3096692564387791,0.28632503799093834,0.6989165978969272,-0.7142133233758232,0.6232877213244913
242,0.5371900826446281,1.0488344405412116,1.2266071885962924,0.3962637702091303,-0.7234291758722718,0.9428933127367676
328,0.2975206611570249,0.3703263779307338,-0.91825536205768,0.3962637702091303,-0.7234291758722718,0.9428933127367676
174,0.43801652892561993,-1.5523640248469697,-1.114643435557054,-0.87073410477674,0.6793560712261307,-0.18350132650732975
475,0.31404958677685957,1.6641214296273423,1.353382299519753,1.0747640788085506,-0.05572591525023931,-0.3556995847883843
13,0.17355371900826455,0.5102622954471617,1.9212154230284189,0.45924523463543593,1.1335790290050483,0.015582143289604906
210,0.3801652892561984,0.125356547263894,1.1241275154640096,0.31326546131473687,0.34794765203930905,0.6212855260385064
307,0.38842975206611574,0.29402717565127146,0.5484450599666976,-0.13048229789105792,0.8029901333904513,0.4457385693327126
168,0.42148760330578516,-0.3666285129183563,-0.13925655956581298,0.3907290008662582,0.5330559168383193,0.3868271546301928
421,0.4628099173553719,0.8058185170626824,-0.5808979453862151,0.8960100459715163,-0.15860634348290284,-0.4358324580576336
82,0.2975206611570249,-0.9778848578991329,-0.5334239997377079,-0.7008772384303609,-0.7159953610544133,0.47628661843883785
96,0.3305785123966942,1.4395273006890723,1.9052078609556267,-0.06286078287087747,0.029767893937024382,-0.753489376831986
504,0.49586776859504145,-0.9250701662125264,-0.5669415856464485,-0.04697866185185153,-0.015448167021874914,0.501368212797298
69,0.5123966942148761,-0.07173891710734476,0.3337478627513445,-0.16918614592629697,-0.6646688700021197,-0.10320077439247018
356,0.3801652892561984,-0.311446628080721,0.6028591226624558,0.6989165978969272,-0.7142133233758232,0.6232877213244913
525,0.5371900826446281,-1.3261451269608497,-1.2439742683023107,-0.6709446799168,-0.38413503347230393,-0.10529581867936319
650,0.2148760330578513,0.07915698200457204,-0.2248161336022496,0.47186249740234876,-0.5524309854559355,0.7072360437852256
664,0.6694214876033058,0.35093662758479066,-1.6496232733426843,-0.6256386505432412,-0.36314502418363304,-0.14810268221120876
548,0.3719008264462811,-0.6236203165017705,-1.3939808780035954,-0.20571784507143837,-0.5508514041694184,-0.5216053415912916
633,0.33884297520661166,-0.8282058200763418,-0.9150346853545617,-0.7772560021355986,-0.07076004908102461,-0.3824695179378571
16,0.4297520661157026,-0.9778848578991329,-0.08407920383205221,-0.7269291438287543,-0.28091718761728623,-0.4626939268887719
206,0.6363636363636365,1.6030987658338032,1.6724050246008524,0.9995254909214313,-0.40857625212101956,0.2686897158616622
621,0.2148760330578513,1.0928435327196646,1.2556274950586195,1.0739346360338933,0.11352869214576063,-0.24229746284344203
7,0.5123966942148761,-0.6236203165017705,0.8690959306136199,-0.7318009192235425,0.5670520994441623,-0.0818560381617887
272,0.47107438016528924,-0.8282058200763418,-0.34719698823645295,-0.8912512408322613,-0.14205084804733312,-0.5664157137283649
261,0.43801652892561993,-0.311446628080721,0.11318241782362667,-0.16918614592629697,-0.6646688700021197,-0.10320077439247018
495,0.42148760330578516,-0.008958148554340462,0.9260398595444198,0.31326546131473687,0.34794765203930905,0.6212855260385064
501,0.5867768595041323,0.125356547263894,-1.8164806117571428,-0.7008772384303609,-0.7159953610544133,0.47628661843883785
595,0.28099173553719015,-0.8282058200763418,0.17459682375314203,-0.057458455598599245,-0.3367088746263007,1.0219441909260862
679,0.28099173553719015,1.0928435327196646,0.037566821026294835,1.235194572804454,-0.2632079568191553,-0.3370334822710879
642,0.24793388429752072,0.695312284556475,0.8169359542083837,0.45924523463543593,1.1335790290050483,0.015582143289604906
372,0.2644628099173554,-1.6130850687419183,-2.38957881354859,-0.3977190835977511,-0.4538409810587105,-0.10929711620711367
584,0.2644628099173554,0.5234475120581527,1.920055206185261,0.45924523463543593,1.1335790290050483,0.015582143289604906
434,0.33884297520661166,0.6364665206437891,0.6992231331692276,-0.04227800542490827,1.1134839936885654,0.4203309484894653
94,0.2644628099173554,-0.2337699432309511,-0.17159179453829565,0.23099378626621456,1.071601131912647,-0.0977284429736715
613,0.23140495867768607,1.0928435327196646,1.0390180528468436,0.45924523463543593,1.1335790290050483,0.015582143289604906
331,0.41322314049586784,1.5396749768597737,1.1864086109618281,1.0000308180662438,-0.15563772462176528,0.002711572627986911
124,0.4545454545454546,-0.7834724838810256,-0.6160293813168958,0.334583038439853,0.3726573463996671,0.5614779645923217
233,0.38842975206611574,1.4046732728195976,0.23596669355342795,0.5778277211516695,0.323857924937653,-0.33178459035279584
673,0.33884297520661166,-1.0342121119187007,-0.10277895618192112,-0.5735640224420295,-0.15147439159663806,-0.38463755211357464
697,0.4793388429752068,-0.8282058200763418,-1.1309357755484375,-0.7500320095320115,-0.29411854179780694,-0.4903670297306152
447,0.39669421487603307,1.0034456682182897,0.6041530942685712,0.5384861039010234,-0.506731281806907,0.6046216188071948
290,0.25619834710743805,-1.7547001836059513,-1.4359707034155353,-0.1806138266124535,0.6702343906084196,-0.5195247651345282
115,0.8181818181818183,0.8058185170626824,0.9471249776289861,-0.6116667595183033,-0.2120169921782803,-0.2905444234232151
254,0.42148760330578516,-1.4966445224083307,-0.5266948889683367,-0.7269291438287543,-0.28091718761728623,-0.4626939268887719
401,0.47107438016528924,1.332521736161488,1.1750818772049556,1.235194572804454,-0.2632079568191553,-0.3370334822710879
200,0.347107438016529,-2.1325784428851424,-1.419378687759323,-0.7064120077732333,0.5404897316561776,-0.07977953966773683
425,0.36363636363636376,-1.7547001836059513,-0.13901567307661788,-0.10312462427825668,-0.1758467374605274,0.6760190227594269
511,0.18181818181818188,0.6060365506373371,0.27005576146679217,1.235194572804454,-0.2632079568191553,-0.3370334822710879
312,0.28099173553719015,-2.217396816340763,-2.154776295803893,-0.6795596613052448,-0.6912856666940558,0.41647905699265286
221,0.2148760330578513,-0.18496390822459383,-0.03254927843545392,-0.13048229789105792,0.8029901333904513,0.4457385693327126
675,0.24793388429752072,-1.8397473639921735,-2.0971299844626223,-0.7064120077732333,0.5404897316561776,-0.07977953966773683
306,0.3801652892561984,1.1564703744842244,0.7529608452224248,1.235194572804454,-0.2632079568191553,-0.3370334822710879
204,0.8760330578512399,0.8268870310791234,-0.5310914370030666,-0.3877446169958165,-0.3855188009535391,-0.3638949511022262
420,0.2148760330578513,0.442223810919451,-0.02348815266452719,-0.026963812234404,-0.4479709759367551,-0.44147246832204273
431,0.2644628099173554,-0.18496390822459383,-1.4357931642411967,-0.7064120077732333,0.5404897316561776,-0.07977953966773683
256,0.47107438016528924,-0.11564118292646394,-0.5348256380581904,-0.20571784507143837,-0.5508514041694184,-0.5216053415912916
415,0.47107438016528924,-1.1599246610557326,-1.1936202060982184,-0.8912512408322613,-0.14205084804733312,-0.5664157137283649
314,0.28099173553719015,1.9393987885289774,1.1758982161896323,0.45924523463543593,1.1335790290050483,0.015582143289604906
140,0.5289256198347108,1.4046732728195976,1.218534677007529,0.4340755747860039,-0.3498159462508678,-0.7774043712675751
182,0.4876033057851241,0.125356547263894,-0.5424034475493172,0.8456831876646721,0.051550795053358994,-0.3556080491067187
188,0.3553719008264463,0.5234475120581527,-0.35370207604526943,-0.3982244107425643,-0.7067795085579649,0.15668102702656161
654,0.2975206611570249,1.2174737132077489,1.0366051686022746,1.0739346360338933,0.11352869214576063,-0.24229746284344203
346,0.4049586776859505,-1.6870632178169715,-1.9527226775757272,-0.6129339051320919,-0.20962638865097735,-0.27874773109826406
181,0.2727272727272728,-0.28491403083401157,0.018441166250854346,-0.1806138266124535,0.6702343906084196,-0.5195247651345282
102,0.6033057851239669,-0.4868218081902942,-0.00030104738002794545,-0.6129339051320919,-0.20962638865097735,-0.27874773109826406
607,0.14049586776859513,0.3703263779307338,0.02607487827376872,-0.13048229789105792,0.8029901333904513,0.4457385693327126
689,0.36363636363636376,-0.3953677198608728,-0.6452629413665562,-0.7465434071100183,-0.55513322388864,0.1303614502721786
538,0.36363636363636376,-0.7619103987840384,-0.27445234444966377,-0.8334019645620041,-0.23115861951967684,-0.20781870797572813
217,0.3223140495867769,-0.07173891710734476,-0.8764197229658792,0.3907290008662582,0.5330559168383193,0.3868271546301928
279,0.578512396694215,1.7229419879380485,1.4866530834034228,1.0100052846681786,-0.08731554451659386,-0.25188626226712574
260,0.33884297520661166,0.6364665206437891,0.8959799425654611,0.3962637702091303,-0.7234291758722718,0.9428933127367676
101,0.7438016528925622,1.1355656098840616,1.0766807845155073,-0.09761551771806025,-0.40114243730316107,-0.19791697843626735
616,0.5123966942148761,-0.28491403083401157,0.42001828619362613,-0.7500320095320115,-0.29411854179780694,-0.4903670297306152
611,0.2644628099173554,0.7516876434534454,0.2849015684915634,0.4737273097606516,-0.5383209110732613,0.7084349413284533
381,0.24793388429752072,1.4395273006890723,1.624471637742935,0.45924523463543593,1.1335790290050483,0.015582143289604906
364,0.3719008264462811,-0.311446628080721,0.07179402621184792,-0.87073410477674,0.6793560712261307,-0.18350132650732975
93,0.6033057851239669,0.6364665206437891,0.8680416649624286,0.6578373116207329,-0.15367231070567564,-0.10347125760643926
477,0.3801652892561984,0.01121716417620774,-1.2921895159949033,-0.13048229789105792,0.8029901333904513,0.4457385693327126
189,0.43801652892561993,-1.3094448960090852,-1.3224208677846168,-0.7064120077732333,0.5404897316561776,-0.07977953966773683
536,0.38842975206611574,1.256802942769435,0.26526737653267246,-0.07569797035262085,0.766257582551635,0.5965230817065666
258,0.49586776859504145,-0.9778848578991329,0.677176422361134,-0.7772560021355986,-0.07076004908102461,-0.3824695179378571
47,0.5289256198347108,-0.07173891710734476,-0.06446656091795185,-0.44389057942222176,-0.5459173713921914,-0.1892441411400974
180,0.15702479338842978,-0.8282058200763418,-1.6230361800124884,-0.6333881654807743,-0.5992092763605747,0.49642608192563664
655,0.42148760330578516,1.0034456682182897,0.01216671928010132,0.6319328520921538,-0.5780608805704076,0.3371701146040171
384,0.4793388429752068,-0.9250701662125264,-1.5883674953775926,-0.7318009192235425,0.5670520994441623,-0.0818560381617887
240,0.3801652892561984,-0.11564118292646394,-0.36601449075123604,1.235194572804454,-0.2632079568191553,-0.3370334822710879
566,0.36363636363636376,0.5102622954471617,-0.2327174846154865,-0.6043210734181252,-0.33843532982327534,-0.2079102436573941
311,0.4297520661157026,-0.4249401566130259,-0.539061521148229,-0.7772560021355986,-0.07076004908102461,-0.3824695179378571
222,0.6363636363636365,1.7515818136576016,1.6160715189189097,1.0747640788085506,-0.05572591525023931,-0.3556995847883843
295,0.4545454545454546,0.3703263779307338,-0.21266798698150274,0.4340755747860039,-0.3498159462508678,-0.7774043712675751
446,0.553719008264463,0.125356547263894,0.21998609557077695,-0.7500320095320115,-0.29411854179780694,-0.4903670297306152
113,0.5289256198347108,-0.3666285129183563,0.15856814728573493,-0.8204072464698957,0.4691989326898688,-0.26372573545824485
546,0.3801652892561984,1.4395273006890723,0.48923868403555765,1.0747640788085506,-0.05572591525023931,-0.3556995847883843
485,0.30578512396694224,-2.059992458244684,-0.05131737811571471,-0.11360441802500441,-0.49710744506495325,1.1965950008882147
0,0.4545454545454546,1.4046732728195976,1.790680670795636,1.235194572804454,-0.2632079568191553,-0.3370334822710879
234,0.31404958677685957,0.6364665206437891,0.06468729790146376,0.3962637702091303,-0.7234291758722718,0.9428933127367676
374,0.15702479338842978,-0.4554034716330064,0.26872658695743573,0.6994219250417403,-0.46127479587656883,0.3573095780908162
74,0.6198347107438018,2.405200021486364,2.225447597859813,1.235194572804454,-0.2632079568191553,-0.3370334822710879
645,0.2892561983471075,-0.4554034716330064,0.036714682801004234,-0.7772560021355986,-0.07076004908102461,-0.3824695179378571
107,0.4628099173553719,-0.4554034716330064,0.20497838487532888,-0.7008772384303609,-0.7159953610544133,0.47628661843883785
514,0.24793388429752072,0.3703263779307338,-0.23169693508990122,0.6994219250417403,-0.46127479587656883,0.3573095780908162
114,0.4297520661157026,-0.9250701662125264,-0.8845069455973265,-0.6129339051320919,-0.20962638865097735,-0.27874773109826406
360,0.7603305785123968,1.6030987658338032,0.968446388176345,1.235194572804454,-0.2632079568191553,-0.3370334822710879
224,0.3553719008264463,-0.18496390822459383,0.6761419770727747,-0.7064120077732333,0.5404897316561776,-0.07977953966773683
663,0.30578512396694224,0.8058185170626824,0.3211239807178132,0.9995254909214313,-0.40857625212101956,0.2686897158616622
274,0.2644628099173554,0.3703263779307338,0.4708603858269229,-0.13048229789105792,0.8029901333904513,0.4457385693327126
257,0.4628099173553719,-0.5875691961296302,0.7326627268844672,-0.87073410477674,0.6793560712261307,-0.18350132650732975
394,0.694214876033058,1.1770839543793787,0.09498625904530254,0.4340755747860039,-0.3498159462508678,-0.7774043712675751
347,0.347107438016529,-0.07173891710734476,0.954591406524243,-0.87073410477674,0.6793560712261307,-0.18350132650732975
529,0.5950413223140496,1.0928435327196646,0.4775336920603991,0.4340755747860039,-0.3498159462508678,-0.7774043712675751
456,0.36363636363636376,-0.5875691961296302,-0.5850781649248082,-0.11482547207803297,-0.49276195938363027,-0.36533224864262714
479,0.22314049586776863,-0.25903369834606954,-0.04136735063447783,-0.03228296654355358,-0.1445506300879645,0.23255218102075922
350,0.4876033057851241,-0.1382641448426188,0.39275138558002404,-0.7008772384303609,-0.7159953610544133,0.47628661843883785
575,0.1900826446280992,0.5748866974460315,0.991242754204297,-0.04227800542490827,1.1134839936885654,0.4203309484894653
235,0.5206611570247934,-0.18496390822459383,1.4582979290435043,-0.7500320095320115,-0.29411854179780694,-0.4903670297306152
27,0.6694214876033058,1.887834437371183,2.0603787351850147,1.235194572804454,-0.2632079568191553,-0.3370334822710879
659,0.3305785123966942,0.29402717565127146,0.22057493729070238,-0.6234136988788396,-0.5308870962554032,0.24182824703052389
291,0.49586776859504145,0.8058185170626824,-0.2841314037451589,0.9995254909214313,-0.40857625212101956,0.2686897158616622
3,0.347107438016529,0.5102622954471617,1.5246652043826159,-0.04227800542490827,1.1134839936885654,0.4203309484894653
142,0.42148760330578516,1.0928435327196646,1.0560595487432358,0.9165271820270376,0.6628005757905612,-0.0529180708365985
196,0.3223140495867769,0.7294187341728259,1.0351189269941838,0.13346668176149956,-0.6554530175056713,-0.4228063658047461
408,0.5289256198347108,0.29402717565127146,0.26896635335681285,0.3505976015294729,-0.5625670387064985,0.5969681445701084
596,0.47107438016528924,-0.6236203165017705,-0.24443907412961577,-0.11360441802500441,-0.49710744506495325,1.1965950008882147
560,0.4297520661157026,0.5748866974460315,0.4797227892289238,0.4175813473342463,-0.6987194815119137,0.8830857512905824
661,0.4628099173553719,-0.6610899795518106,-0.3293081841221597,-0.8043926833802758,-0.4660254524162965,-0.22823555548045812
236,0.22314049586776863,-1.939126928009625,-1.8789435199129145,-0.6229083717340266,-0.2779485687561488,-0.024149896203151378
582,0.347107438016529,-0.4554034716330064,0.16330419945511085,-0.2948043948945648,0.9418564729604045,0.3420167824931197
351,0.25619834710743805,-1.0946395154673343,-0.34860390968225324,-0.11360441802500441,-0.49710744506495325,1.1965950008882147
436,0.2892561983471075,-1.2310699875117008,0.029261658564155257,-0.7064120077732333,0.5404897316561776,-0.07977953966773683
435,0.4545454545454546,-0.07173891710734476,0.22176700945596872,-0.7064120077732333,0.5404897316561776,-0.07977953966773683
500,0.6363636363636365,0.8058185170626824,-0.004446987660881017,-0.09761551771806025,-0.40114243730316107,-0.19791697843626735
442,0.6611570247933884,1.0928435327196646,2.115667651948913,0.9538593222417739,-0.24771411495524648,-0.07723545230499701
427,0.5041322314049588,1.4046732728195976,0.8964671954786596,0.4340755747860039,-0.3498159462508678,-0.7774043712675751
352,0.3553719008264463,-1.0946395154673343,-1.4480366470180799,-0.7269291438287543,-0.28091718761728623,-0.4626939268887719
533,0.1900826446280992,-1.0946395154673343,-0.6920586557875305,-0.057458455598599245,-0.3367088746263007,1.0219441909260862
118,0.38842975206611574,-0.7202554715866313,0.6501846618118966,-0.13048229789105792,0.8029901333904513,0.4457385693327126
21,0.28099173553719015,-0.6236203165017705,0.5829330775719258,-0.13048229789105792,0.8029901333904513,0.4457385693327126
68,1.0,0.3251147553725228,-0.049779217110678085,-0.7465434071100183,-0.55513322388864,0.1303614502721786
134,0.6776859504132231,2.131505923144452,1.171708937299279,0.9995254909214313,-0.40857625212101956,0.2686897158616622
502,0.5371900826446281,-0.8282058200763418,-0.8049490644941542,-0.6595651934430103,-0.5627286990337711,0.20654951811967848
517,0.3305785123966942,-2.217396816340763,-2.092502135330585,-0.552066713999323,-0.24665246138358607,-0.46761673794181924
353,0.30578512396694224,0.2621296248535016,0.26895261561355377,0.4195908243701566,1.0423844159784537,-0.029003076401009666
532,0.2975206611570249,0.5102622954471617,0.9418928619422081,-0.13048229789105792,0.8029901333904513,0.4457385693327126
146,0.28099173553719015,-0.8282058200763418,-0.36315608624428436,-0.6903974446836131,-0.3947346534499877,-0.04428935968995024
648,0.5041322314049588,0.9081021934810801,0.32559775419505493,-0.06744766527434073,-0.36991098156734986,-0.3726555660677148
8,0.6198347107438018,-0.311446628080721,-1.146505122630284,0.8960100459715163,-0.15860634348290284,-0.4358324580576336
652,0.1900826446280992,-0.311446628080721,0.013621435019055843,-0.2948043948945648,0.9418564729604045,0.3420167824931197
452,0.3801652892561984,-1.6130850687419183,-2.1156761292481407,-0.7772560021355986,-0.07076004908102461,-0.3824695179378571
195,0.5371900826446281,1.7229419879380485,0.09771099389895854,1.235194572804454,-0.2632079568191553,-0.3370334822710879
503,0.39669421487603307,1.6030987658338032,0.6107424617296469,1.235194572804454,-0.2632079568191553,-0.3370334822710879
162,0.23140495867768607,-1.4966445224083307,-0.9046232281046138,-0.6129339051320919,-0.20962638865097735,-0.27874773109826406
55,0.347107438016529,1.256802942769435,1.8199153267039094,0.45924523463543593,1.1335790290050483,0.015582143289604906
31,0.1900826446280992,-0.6610899795518106,0.44499899964060335,0.45924523463543593,1.1335790290050483,0.015582143289604906
635,0.28099173553719015,-0.8282058200763418,-0.49627689869270253,-0.3977190835977511,-0.4538409810587105,-0.10929711620711367
105,0.33884297520661166,-1.708810159448659,-0.9436959634397886,-0.6383228165824012,-0.18306402086299273,-0.280824229592316
365,0.25619834710743805,-0.4554034716330064,-0.18634270029984593,-0.552066713999323,-0.24665246138358607,-0.46761673794181924
709,0.17355371900826455,-0.311446628080721,-0.7228073940307518,-0.04144856265025104,0.944229386292566,0.30692882654452297
521,0.2644628099173554,-0.4868218081902942,-0.6257739604875867,-0.16918614592629697,-0.6646688700021197,-0.10320077439247018
248,0.36363636363636376,-0.07173891710734476,-1.3146961387002825,-0.3977190835977511,-0.4538409810587105,-0.10929711620711367
58,0.71900826446281,0.442223810919451,0.6446672817109809,-0.08900053632961541,-0.09399180408140942,-0.7196918541082832
63,0.9421487603305785,0.8058185170626824,0.6136040147536999,-0.32194107613924183,0.5465910696251324,0.4962507449505184
417,0.20661157024793397,-1.6130850687419183,-0.345060948503636,-0.10362995142306972,-0.4287852649597816,0.9419971659931025
273,0.47107438016528924,-0.9778848578991329,-0.8616856779547591,-0.6416532136328615,0.5720793609225323,-0.1835928621889955
358,0.7520661157024795,0.8058185170626824,0.7180598742712347,-0.8043926833802758,-0.4660254524162965,-0.22823555548045812
275,0.5454545454545454,1.5396749768597737,1.325146052276447,1.235194572804454,-0.2632079568191553,-0.3370334822710879
377,0.347107438016529,-0.9098385158799758,-1.599111056605417,-0.3977190835977511,-0.4538409810587105,-0.10929711620711367
219,0.2396694214876034,-0.4554034716330064,-0.7940785463758089,0.31326546131473687,0.34794765203930905,0.6212855260385064
608,0.347107438016529,-0.07173891710734476,-0.0451333748010058,-0.20794583744257916,0.6178818685914412,0.6801969407410267
368,0.42148760330578516,0.5102622954471617,0.6293052695045366,-0.682137066672798,0.6501393552919376,-0.11477595993466783
176,0.25619834710743805,1.4736213806841842,1.3883332897066143,1.0342802257686143,0.022334079119165857,-0.28688268253405685
39,0.2892561983471075,-0.311446628080721,-0.22006525747704508,0.3962637702091303,-0.7234291758722718,0.9428933127367676
620,0.24793388429752072,-0.7834724838810256,-0.6263773600656811,-0.7772560021355986,-0.07076004908102461,-0.3824695179378571
313,0.7520661157024795,0.1698070694391258,0.42666896674497734,-0.6595651934430103,-0.5627286990337711,0.20654951811967848
422,0.14876033057851246,-1.8583087666367937,-2.041587072675308,0.6205051714059968,0.7568423800401322,-0.07915387613804087
499,0.5206611570247934,-0.4249401566130259,-0.1117606453936154,-0.7838755473247543,0.3553814668571673,0.15467883174057706
605,0.2975206611570249,-0.4868218081902942,0.15868643214836592,-0.6360367708353489,-0.22282774283149803,-0.3064208339401074
172,0.7603305785123968,0.695312284556475,0.4894553188192942,-0.7465434071100183,-0.55513322388864,0.1303614502721786
132,0.5206611570247934,0.695312284556475,0.095746585466573,0.9165271820270376,0.6628005757905612,-0.0529180708365985
163,0.6446280991735538,1.264547068136612,1.7333507607526482,1.235194572804454,-0.2632079568191553,-0.3370334822710879
62,0.4297520661157026,-1.4966445224083307,-1.307456738703242,-0.7064120077732333,0.5404897316561776,-0.07977953966773683
409,0.5123966942148761,0.031041795629051943,-0.854154468557783,-0.10362995142306972,-0.4287852649597816,0.9419971659931025
317,0.22314049586776863,-0.4554034716330064,0.8267075775460225,0.4737273097606516,-0.5383209110732613,0.7084349413284533
668,0.2975206611570249,-0.07173891710734476,0.08437531308138005,-0.682137066672798,0.6501393552919376,-0.11477595993466783
557,0.41322314049586784,-1.0342121119187007,0.40659060833224603,-0.20571784507143837,-0.5508514041694184,-0.5216053415912916
357,0.33884297520661166,0.8058185170626824,0.6321289109127873,0.31326546131473687,0.34794765203930905,0.6212855260385064
324,0.347107438016529,-0.3666285129183563,-1.0342421239710695,0.3099105399019576,-0.1465160440040542,0.3387350112551854
390,0.4793388429752068,0.29402717565127146,-0.15587732148163577,-0.16918614592629697,-0.6646688700021197,-0.10320077439247018
167,0.31404958677685957,1.0488344405412116,-0.39639699689710545,0.9165271820270376,0.6628005757905612,-0.0529180708365985
52,0.4793388429752068,0.8680858180268735,-0.27041413675525555,-0.25604470337828267,-0.3406942656331566,-0.4413809326403768
480,0.41322314049586784,-0.4249401566130259,-0.3190357451566267,-0.6903974446836131,-0.3947346534499877,-0.04428935968995024
696,0.3719008264462811,-0.07173891710734476,-0.3046780640857713,-0.10312462427825668,-0.1758467374605274,0.6760190227594269
375,0.39669421487603307,0.8058185170626824,-0.49307989175516603,0.383640698252621,-0.41536982244836673,0.39464423176613606
507,0.47107438016528924,1.0488344405412116,1.8039806074035538,1.235194572804454,-0.2632079568191553,-0.3370334822710879
230,0.25619834710743805,-0.4554034716330064,-0.13669479710385302,-0.2948043948945648,0.9418564729604045,0.3420167824931197
321,0.2975206611570249,-1.7547001836059513,-1.708534714606265,-0.716386474375168,0.47216755155100637,0.17481829522737583
77,0.7024793388429753,0.695312284556475,0.7348559444875047,-0.7008772384303609,-0.7159953610544133,0.47628661843883785
294,0.28099173553719015,0.29402717565127146,1.4668723827214887,1.0739346360338933,0.11352869214576063,-0.24229746284344203
428,0.3719008264462811,1.256802942769435,-0.36262232503280606,0.5778277211516695,0.323857924937653,-0.33178459035279584
5,0.47107438016528924,1.4395273006890723,1.7567648535843712,1.0747640788085506,-0.05572591525023931,-0.3556995847883843
570,0.38842975206611574,-0.07173891710734476,0.07831246762295267,0.4175813473342463,-0.6987194815119137,0.8830857512905824
549,0.5206611570247934,-1.6799764092725926,-1.2733613753705246,-0.8334019645620041,-0.23115861951967684,-0.20781870797572813
403,0.5702479338842976,1.0488344405412116,0.5824840471557341,0.9538593222417739,-0.24771411495524648,-0.07723545230499701
481,0.14049586776859513,-2.217396816340763,-0.4080874602233648,-0.6790543341604316,-0.43834713919480134,0.15050091375897742
6,0.30578512396694224,1.256802942769435,-0.18526479538073565,1.0747640788085506,-0.05572591525023931,-0.3556995847883843
150,0.2148760330578513,-1.2310699875117008,-1.462332866567368,0.1677308325376761,-0.5126012869288624,0.9367969709221236
494,0.39669421487603307,-0.6610899795518106,-0.705529211671081,-0.7465434071100183,-0.55513322388864,0.1303614502721786
143,0.3223140495867769,0.7516876434534454,1.177740237603719,-0.5239001698912849,-0.06838713574886296,-0.41755747388645376
508,0.3801652892561984,-1.3094448960090852,-1.721896043377015,-0.6795596613052448,-0.6912856666940558,0.41647905699265286
638,0.36363636363636376,1.1770839543793787,0.658632905624386,1.235194572804454,-0.2632079568191553,-0.3370334822710879
23,0.41322314049586784,-0.5358991339518089,-1.0451297193595708,-0.6234136988788396,-0.5308870962554032,0.24182824703052389
643,0.6363636363636365,-0.6236203165017705,-0.37791376604831767,-0.6129339051320919,-0.20962638865097735,-0.27874773109826406
288,0.47107438016528924,0.17850038261345264,0.0641773236693835,-0.8043926833802758,-0.4660254524162965,-0.22823555548045812
296,0.3223140495867769,0.695312284556475,0.25485923429103224,0.4150039419666933,0.6427055404740794,0.35183073436326184
282,0.1900826446280992,-2.6575934755406783,-1.4608923600948662,0.13346668176149956,-0.6554530175056713,-0.4228063658047461
682,0.4049586776859505,-0.6236203165017705,0.29611715904329433,-0.7064120077732333,0.5404897316561776,-0.07977953966773683
293,0.6280991735537191,-0.07173891710734476,0.18254612666326098,-0.6595651934430103,-0.5627286990337711,0.20654951811967848
231,0.31404958677685957,-0.6236203165017705,-0.42400367221798185,-0.2948043948945648,0.9418564729604045,0.3420167824931197
644,0.6033057851239669,-0.18496390822459383,-0.9354337692740126,-0.5481751109917202,-0.1780367593846228,-0.3825610536195227
333,0.30578512396694224,-0.3666285129183563,-0.49277975827950543,0.31326546131473687,0.34794765203930905,0.6212855260385064
462,0.2644628099173554,-0.18496390822459383,0.6184364526955901,-0.20794583744257916,0.6178818685914412,0.6801969407410267
126,0.5454545454545454,1.6030987658338032,1.3511700899393677,1.235194572804454,-0.2632079568191553,-0.3370334822710879
85,0.347107438016529,-0.9250701662125264,-0.5706410370811699,-0.44389057942222176,-0.5459173713921914,-0.1892441411400974
698,0.23140495867768607,-0.7001132866102491,0.026596538001521605,-0.27052945379413007,1.0515060965961642,0.3070203622261888
14,0.6033057851239669,-0.07173891710734476,0.12202203075867565,-0.7630806383929252,-0.3127587903956539,-0.49797265579961736
543,0.31404958677685957,-1.2310699875117008,-1.9531660642204656,-0.7064120077732333,0.5404897316561776,-0.07977953966773683
690,0.2892561983471075,-0.7834724838810256,-1.6362308281804812,-0.7465434071100183,-0.55513322388864,0.1303614502721786
684,0.3223140495867769,0.3703263779307338,-0.33920147427480873,0.6989165978969272,-0.7142133233758232,0.6232877213244913
169,0.24793388429752072,-1.939126928009625,-1.1118624787429863,1.235194572804454,-0.2632079568191553,-0.3370334822710879
695,0.47107438016528924,0.442223810919451,-0.29855552827807613,-0.7353244470497106,0.5765283545142642,-0.07880048818223337
249,0.30578512396694224,-1.2310699875117008,-2.295629183585018,-0.8204072464698957,0.4691989326898688,-0.26372573545824485
395,0.44628099173553726,0.10709540615900044,-0.4331510875670921,-0.16918614592629697,-0.6646688700021197,-0.10320077439247018
424,0.20661157024793397,-0.7408466204494151,-0.04804231349656145,0.01778013228852027,0.016141462244479727,0.3975548902760392
464,0.44628099173553726,0.6060365506373371,0.22424443974468053,1.0747640788085506,-0.05572591525023931,-0.3556995847883843
667,0.22314049586776863,-0.8282058200763418,-1.4821688555160937,0.38075453426432354,0.46473373673314805,0.6414249895253057
519,0.3305785123966942,0.125356547263894,1.27273541517429,-0.06572350375068614,0.8345797626568063,0.341925246811454
205,0.33884297520661166,1.256802942769435,1.0541307549032464,1.235194572804454,-0.2632079568191553,-0.3370334822710879
201,0.3801652892561984,1.1355656098840616,0.29007491694516624,0.9165271820270376,0.6628005757905612,-0.0529180708365985
122,0.4545454545454546,-0.311446628080721,-0.15767224053430842,-0.16918614592629697,-0.6646688700021197,-0.10320077439247018
542,0.6859504132231407,1.0488344405412116,1.2667750623619034,-0.10362995142306972,-0.4287852649597816,0.9419971659931025
583,0.44628099173553726,-1.0946395154673343,-1.3348499168163244,-0.20113096266797517,-0.15117252866504427,-0.9024391523555629
173,0.8016528925619835,-1.6799764092725926,-1.960366756937913,-0.6129339051320919,-0.20962638865097735,-0.27874773109826406
112,0.23140495867768607,-0.8282058200763418,0.0823173797771913,-0.1062073567906228,0.9126397570262115,0.4107421490657817
17,0.41322314049586784,0.06969295342918268,0.47156786378763277,-0.44389057942222176,-0.5459173713921914,-0.1892441411400974
66,0.5206611570247934,0.3703263779307338,-1.0580675447960448,-0.6903974446836131,-0.3947346534499877,-0.04428935968995024
400,0.28099173553719015,-2.217396816340763,-1.2236868893131987,0.47881951930892797,0.11429649193036691,0.0616229873305068
111,0.5041322314049588,1.1770839543793787,1.4666160506183155,1.235194572804454,-0.2632079568191553,-0.3370334822710879
468,0.39669421487603307,0.7067772656267323,0.007189370216754141,-0.1806138266124535,0.6702343906084196,-0.5195247651345282
680,0.11570247933884303,-1.0946395154673343,-2.2192226737322525,0.48879398591086265,0.18261867203553836,-0.19297484756460603
343,0.4793388429752068,1.4046732728195976,1.7057137814098036,1.235194572804454,-0.2632079568191553,-0.3370334822710879
359,0.47107438016528924,-0.07173891710734476,-0.8397979983338318,-0.7630806383929252,-0.3127587903956539,-0.49797265579961736
624,0.47107438016528924,-0.5875691961296302,-0.3337595756636225,-0.8043926833802758,-0.4660254524162965,-0.22823555548045812
518,0.5123966942148761,0.9081021934810801,0.7508986953655458,0.9995254909214313,-0.40857625212101956,0.2686897158616622
98,0.8181818181818183,1.6641214296273423,1.4080107514401554,1.235194572804454,-0.2632079568191553,-0.3370334822710879
509,0.5289256198347108,0.29402717565127146,-0.4415965201673411,0.5389914310458364,-0.2537927543076525,0.3386434755735196
87,0.5619834710743803,-0.6236203165017705,-0.014103536766675374,-0.7630806383929252,-0.3127587903956539,-0.49797265579961736
612,0.5950413223140496,-0.28491403083401157,0.40808435916308927,-0.6234136988788396,-0.5308870962554032,0.24182824703052389
362,0.44628099173553726,0.02117243950409854,0.7619805537994729,-0.7630806383929252,-0.3127587903956539,-0.49797265579961736
551,0.24793388429752072,-1.939126928009625,-1.4929291438026744,-0.8026449135859081,-0.04419768129303977,-0.384546016431909
208,0.36363636363636376,-0.029498722218455526,0.7797398313309186,0.31326546131473687,0.34794765203930905,0.6212855260385064
154,0.39669421487603307,-0.8282058200763418,0.3823886413843266,-0.7374089375755021,-0.6021778952217121,0.05788205124001595
159,0.4297520661157026,-1.4966445224083307,-1.6609882113359866,-0.87073410477674,0.6793560712261307,-0.18350132650732975
40,0.7107438016528926,1.5069925187732305,2.445555955809256,-0.16918614592629697,-0.6646688700021197,-0.10320077439247018
556,0.30578512396694224,0.3703263779307338,-0.04068342737530996,0.22640690386275128,0.6719222564082722,0.2831053677905999
649,0.6528925619834711,0.2540229066607058,0.879640217777885,-0.87073410477674,0.6793560712261307,-0.18350132650732975
527,0.31404958677685957,-0.311446628080721,-0.41676496999121787,-0.13048229789105792,0.8029901333904513,0.4457385693327126
335,0.42148760330578516,-1.0342121119187007,-0.3021021645456853,-0.7772560021355986,-0.07076004908102461,-0.3824695179378571
264,0.36363636363636376,0.695312284556475,-0.7033191567014371,0.8456831876646721,0.051550795053358994,-0.3556080491067187
637,0.2644628099173554,-0.7001132866102491,-0.3957027012169484,-0.6129339051320919,-0.20962638865097735,-0.27874773109826406
523,0.694214876033058,1.6641214296273423,2.040076212606718,1.235194572804454,-0.2632079568191553,-0.3370334822710879
699,0.3553719008264463,-0.9250701662125264,0.052973467039197634,-0.7026542027283195,-0.17126756398152645,-0.4976903471557028
371,0.3719008264462811,1.256802942769435,1.2070550624792673,-0.04227800542490827,1.1134839936885654,0.4203309484894653
72,0.6611570247933884,-0.4554034716330064,0.991277290057081,-0.6129339051320919,-0.20962638865097735,-0.27874773109826406
2,0.42148760330578516,-1.1599246610557326,0.7775078824718585,-0.057458455598599245,-0.3367088746263007,1.0219441909260862
354,0.5206611570247934,1.0488344405412116,1.095704153659923,0.9325417451166573,-0.27242380931560395,-0.017427890858812
232,0.6776859504132231,-0.6236203165017705,-1.1713272058974038,-0.7838755473247543,0.3553814668571673,0.15467883174057706
665,0.38842975206611574,1.6338971687522479,0.15677226913741094,0.5778277211516695,0.323857924937653,-0.33178459035279584
155,0.33884297520661166,0.125356547263894,0.6971690251222543,0.31326546131473687,0.34794765203930905,0.6212855260385064
302,0.4049586776859505,-0.07173891710734476,-1.0450670904286798,-0.16918614592629697,-0.6646688700021197,-0.10320077439247018
252,0.17355371900826455,0.442223810919451,0.18676256067972466,0.45924523463543593,1.1335790290050483,0.015582143289604906
559,0.2975206611570249,-0.9250701662125264,-0.7523072074991748,-0.6252785112371424,-0.5449971706380772,0.2406293494872959
636,0.2644628099173554,-0.311446628080721,0.11188704790110957,-0.3047788614964996,0.8735342928552329,0.5966146173882324
120,0.42148760330578516,1.1770839543793787,-0.030552331603829575,0.5778277211516695,0.323857924937653,-0.33178459035279584
561,0.15702479338842978,-1.7547001836059513,0.08821876764490504,0.1677308325376761,-0.5126012869288624,0.9367969709221236
706,0.25619834710743805,0.2540229066607058,0.03239445413621252,1.0000308180662438,-0.15563772462176528,0.002711572627986911
573,0.5619834710743803,0.21265351974152005,0.5304798418409208,-0.7374089375755021,-0.6021778952217121,0.05788205124001595
564,0.3305785123966942,1.7797348008405025,0.9891498118982192,0.9995254909214313,-0.40857625212101956,0.2686897158616622
186,0.19834710743801653,0.29402717565127146,-1.1035300458297885,0.45924523463543593,1.1335790290050483,0.015582143289604906
628,0.15702479338842978,-1.939126928009625,-1.7870807035869583,-0.6129339051320919,-0.20962638865097735,-0.27874773109826406
387,0.23140495867768607,-1.0946395154673343,-1.1326777577474476,-0.2948043948945648,0.9418564729604045,0.3420167824931197
177,0.6033057851239669,-0.07173891710734476,-0.09695050485779586,0.4340755747860039,-0.3498159462508678,-0.7774043712675751
361,0.71900826446281,1.887834437371183,1.6629221566720913,0.5778277211516695,0.323857924937653,-0.33178459035279584
391,0.20661157024793397,0.29402717565127146,0.08864193342842779,0.17770529913961083,-0.4442791068236909,0.6821991360270113
539,0.42148760330578516,0.9081021934810801,0.237950524899543,0.9165271820270376,0.6628005757905612,-0.0529180708365985
625,0.33884297520661166,-0.7408466204494151,-0.24131867646107513,-0.04697866185185153,-0.015448167021874914,0.501368212797298
634,0.39669421487603307,-0.11564118292646394,-0.06037572345264791,-0.87073410477674,0.6793560712261307,-0.18350132650732975
545,0.5123966942148761,0.4067887747178001,-0.2828476620916591,-0.25604470337828267,-0.3406942656331566,-0.4413809326403768
199,0.347107438016529,-0.9250701662125264,0.528890245571299,-0.6234136988788396,-0.5308870962554032,0.24182824703052389
145,0.43801652892561993,0.21265351974152005,-0.4431756243860361,-0.5581495775936548,-0.2463589394897942,-0.1279632187244102
467,0.19834710743801653,-1.4450710009120864,-0.5943360668590958,-0.87073410477674,0.6793560712261307,-0.18350132650732975
599,0.5206611570247934,0.125356547263894,0.3577216277299461,-0.7465434071100183,-0.55513322388864,0.1303614502721786
265,0.5041322314049588,0.442223810919451,-0.29645527847088526,0.5778277211516695,0.323857924937653,-0.33178459035279584
516,0.5041322314049588,1.0034456682182897,0.6780751923322397,-0.02237692983094071,-0.04829210043238069,-0.822306279086314
398,0.3305785123966942,-1.6130850687419183,-2.249504303736202,-0.7008772384303609,-0.7159953610544133,0.47628661843883785
693,0.347107438016529,-1.9962172841424168,-2.281561014690185,-0.13492199515012052,-0.5218171394253108,1.2564025623343997
489,0.2892561983471075,1.0488344405412116,1.1211491574608226,0.9165271820270376,0.6628005757905612,-0.0529180708365985
703,0.2975206611570249,0.125356547263894,-0.669415495198651,0.4600746774100932,0.964324421609048,-0.09781997865533738
604,0.17355371900826455,-0.6236203165017705,-0.9021723887090833,-0.13048229789105792,0.8029901333904513,0.4457385693327126
266,0.5950413223140496,-0.07173891710734476,0.8622092569430267,-0.6903974446836131,-0.3947346534499877,-0.04428935968995024
243,0.31404958677685957,-0.9778848578991329,0.09888808119676626,-0.7157863561339227,-0.3681722856620027,-0.046365858184002025
141,0.33884297520661166,0.695312284556475,0.5596909230868562,0.3907290008662582,0.5330559168383193,0.3868271546301928
34,0.2727272727272728,-2.249579907914248,-1.2872115531315225,-0.6129339051320919,-0.20962638865097735,-0.27874773109826406
92,0.25619834710743805,1.6030987658338032,2.3086044571398197,0.45924523463543593,1.1335790290050483,0.015582143289604906
437,0.42148760330578516,-0.7834724838810256,-1.3649605646981178,-0.7500320095320115,-0.29411854179780694,-0.4903670297306152
303,0.4628099173553719,-0.311446628080721,-0.7811415030830944,-0.7269291438287543,-0.28091718761728623,-0.4626939268887719
45,0.3801652892561984,0.031041795629051943,0.2176273999779646,-0.7465434071100183,-0.55513322388864,0.1303614502721786
367,0.23140495867768607,-0.7834724838810256,-0.17954362574800603,-0.1806138266124535,0.6702343906084196,-0.5195247651345282
355,0.28099173553719015,1.0928435327196646,0.6247468978862215,0.3505976015294729,-0.5625670387064985,0.5969681445701084
64,0.6859504132231407,0.3096692564387791,0.9790047435478114,-0.7465434071100183,-0.55513322388864,0.1303614502721786
683,0.6611570247933884,0.7516876434534454,0.42313173940236964,-0.87073410477674,0.6793560712261307,-0.18350132650732975
209,0.4793388429752068,1.0034456682182897,0.3624431700922936,0.9538593222417739,-0.24771411495524648,-0.07723545230499701
449,0.36363636363636376,0.5102622954471617,0.30532336154597617,-0.026963812234404,-0.4479709759367551,-0.44147246832204273
524,0.2396694214876034,0.125356547263894,-0.10761273535862975,0.45924523463543593,1.1335790290050483,0.015582143289604906
411,0.3801652892561984,-0.7001132866102491,-1.4812889376547282,-0.44389057942222176,-0.5459173713921914,-0.1892441411400974
681,0.3223140495867769,-1.2310699875117008,-1.2500806855895668,-0.7064120077732333,0.5404897316561776,-0.07977953966773683
555,0.33884297520661166,-0.8282058200763418,-1.1885099552416682,-0.7838755473247543,0.3553814668571673,0.15467883174057706
270,0.43801652892561993,-0.9833509058610785,-1.6781161893359653,-0.7064120077732333,0.5404897316561776,-0.07977953966773683
379,0.3801652892561984,0.125356547263894,0.6937902616189573,0.12155933671320568,-0.6046776772623433,0.8568499459891399
454,0.3223140495867769,-0.4554034716330064,-0.38606723092668566,-0.31790726059782204,0.9286551187798844,0.31434367965127663
229,0.2396694214876034,-0.311446628080721,-0.23630818576350718,-0.04697866185185153,-0.015448167021874914,0.501368212797298
315,0.5867768595041323,1.332521736161488,1.5755339457068909,1.235194572804454,-0.2632079568191553,-0.3370334822710879
627,0.38842975206611574,-0.7834724838810256,-0.7414041784278657,-0.7772560021355986,-0.07076004908102461,-0.3824695179378571
426,0.2892561983471075,1.3690192390401457,1.1107321420071368,0.45924523463543593,1.1335790290050483,0.015582143289604906
310,0.2396694214876034,0.42816883055428373,1.4372311289768813,0.45924523463543593,1.1335790290050483,0.015582143289604906
76,0.3223140495867769,-1.3607163773835431,-1.799941841125722,-0.6795596613052448,-0.6912856666940558,0.41647905699265286
410,0.3223140495867769,-0.3953677198608728,0.2601057783459761,0.12155933671320568,-0.6046776772623433,0.8568499459891399
308,0.36363636363636376,-1.3094448960090852,0.5868287772939562,-0.7064120077732333,0.5404897316561776,-0.07977953966773683
36,0.5454545454545454,-0.7001132866102491,-1.501859401940945,-0.6234136988788396,-0.5308870962554032,0.24182824703052389
541,0.31404958677685957,-0.07173891710734476,-0.31874685342245707,0.6205051714059968,0.7568423800401322,-0.07915387613804087
30,0.5454545454545454,0.695312284556475,0.40481586978426104,1.0112724302819673,-0.08970614804389683,-0.26368295459207675
457,0.25619834710743805,-1.4966445224083307,-1.3706043687438052,-0.44389057942222176,-0.5459173713921914,-0.1892441411400974
610,0.25619834710743805,0.8579000806926842,0.5063478134339777,0.45924523463543593,1.1335790290050483,0.015582143289604906
593,0.2396694214876034,-1.8397473639921735,-1.244228273334542,-0.87073410477674,0.6793560712261307,-0.18350132650732975
600,0.23140495867768607,-0.7001132866102491,-0.7635370045956915,-0.20113096266797517,-0.15117252866504427,-0.9024391523555629
322,0.2892561983471075,-1.3519206394458798,-1.454417204782408,-0.6129339051320919,-0.20962638865097735,-0.27874773109826406
676,0.4793388429752068,0.4139558245677287,1.6563891841282703,-0.02237692983094071,-0.04829210043238069,-0.822306279086314
228,0.4545454545454546,-0.07173891710734476,0.6789256673551645,-0.20571784507143837,-0.5508514041694184,-0.5216053415912916
491,0.28099173553719015,0.125356547263894,-0.7996899455791402,-0.7465434071100183,-0.55513322388864,0.1303614502721786
28,0.8512396694214877,1.3690192390401457,1.1025759837716715,0.13805356416496287,-0.25577414200129694,-0.8036401765690175
269,0.4793388429752068,0.29402717565127146,-0.017140923152263846,-0.6129339051320919,-0.20962638865097735,-0.27874773109826406
587,0.36363636363636376,-0.8998307117106263,-0.8721884690525421,-0.20794583744257916,0.6178818685914412,0.6801969407410267
547,0.2727272727272728,-0.33867051865252407,0.07058621609676928,-0.13048229789105792,0.8029901333904513,0.4457385693327126
165,0.49586776859504145,1.1770839543793787,-0.44184775192228337,1.0747640788085506,-0.05572591525023931,-0.3556995847883843
133,0.3553719008264463,-1.0342121119187007,-0.39764609856350847,-0.7630806383929252,-0.3127587903956539,-0.49797265579961736
441,0.4876033057851241,-0.7408466204494151,-0.5355025341924409,1.235194572804454,-0.2632079568191553,-0.3370334822710879
515,0.3223140495867769,0.5748866974460315,-0.6276127828023804,0.4340755747860039,-0.3498159462508678,-0.7774043712675751
597,0.3801652892561984,-0.5700382473348665,-0.8157903423959175,-0.2948043948945648,0.9418564729604045,0.3420167824931197
147,0.4876033057851241,-0.18496390822459383,0.5571008566601573,-0.87073410477674,0.6793560712261307,-0.18350132650732975
223,0.23140495867768607,0.8579000806926842,0.08306550589544057,0.45924523463543593,1.1335790290050483,0.015582143289604906
110,0.5950413223140496,0.5748866974460315,0.7015827609630011,-0.10362995142306972,-0.4287852649597816,0.9419971659931025
601,0.2727272727272728,-1.3519206394458798,0.3133289480319516,-0.11360441802500441,-0.49710744506495325,1.1965950008882147
598,0.17355371900826455,-0.07173891710734476,-0.6857548168770733,0.45924523463543593,1.1335790290050483,0.015582143289604906
653,0.3223140495867769,-0.2337699432309511,-0.3834647212512174,0.9325417451166573,-0.27242380931560395,-0.017427890858812
245,0.3553719008264463,-0.18496390822459383,-0.31614882387145066,0.6989165978969272,-0.7142133233758232,0.6232877213244913
70,0.71900826446281,0.05052943499749322,0.04384613373804712,-0.7465434071100183,-0.55513322388864,0.1303614502721786
25,0.347107438016529,0.2621296248535016,1.9017923778041415,0.9165271820270376,0.6628005757905612,-0.0529180708365985
397,0.42148760330578516,-0.4554034716330064,-0.806373989954582,-0.7008772384303609,-0.7159953610544133,0.47628661843883785
227,0.5454545454545454,0.21265351974152005,0.48054032383550566,0.3962637702091303,-0.7234291758722718,0.9428933127367676
137,0.49586776859504145,-0.5192668424936688,-0.5675580369681685,-0.552066713999323,-0.24665246138358607,-0.46761673794181924
363,0.3305785123966942,-0.5192668424936688,-0.8456684047368414,-0.8204072464698957,0.4691989326898688,-0.26372573545824485
117,0.7933884297520661,1.1606160858733254,0.533739662047998,-0.14786856880118093,-0.6399591756417621,-0.16300833583865504
175,0.33884297520661166,-0.07173891710734476,-0.08025761776120034,1.235194572804454,-0.2632079568191553,-0.3370334822710879
218,0.5041322314049588,1.4668615428841854,-0.14838910233187771,1.235194572804454,-0.2632079568191553,-0.3370334822710879
458,0.2396694214876034,1.0928435327196646,0.8505866284777345,0.4546583522319727,0.733900153500674,0.39641595405387653
286,0.3719008264462811,-0.33867051865252407,-0.5247240105185151,-0.8204072464698957,0.4691989326898688,-0.26372573545824485
606,0.23140495867768607,-0.552819041085756,-0.12487984183295582,-0.1062073567906228,0.9126397570262115,0.4107421490657817
567,0.24793388429752072,-0.18496390822459383,-1.0689129860471662,-0.3877446169958165,-0.3855188009535391,-0.3638949511022262
550,0.36363636363636376,-0.18496390822459383,1.000940521931963,-0.08586857835752396,-0.0822723332260383,-0.7302896488900061
300,0.5454545454545454,1.9580899893088848,0.1911231731939547,1.235194572804454,-0.2632079568191553,-0.3370334822710879
493,0.2396694214876034,-1.939126928009625,-2.421629918606903,-0.87073410477674,0.6793560712261307,-0.18350132650732975
339,0.2892561983471075,-1.8397473639921735,-1.3557823756874383,-0.1806138266124535,0.6702343906084196,-0.5195247651345282
127,0.4297520661157026,0.29402717565127146,0.013374422349763385,0.9325417451166573,-0.27242380931560395,-0.017427890858812
531,0.4049586776859505,-0.8282058200763418,-0.3101601380218939,-0.20113096266797517,-0.15117252866504427,-0.9024391523555629
239,0.49586776859504145,-0.07173891710734476,-1.4061524159561576,0.13346668176149956,-0.6554530175056713,-0.4228063658047461
466,0.5702479338842976,0.7516876434534454,-0.2022413734968547,-0.5586549047384676,-0.49929746698904853,0.13801492450926514
123,0.5371900826446281,1.5396749768597737,0.483009631297572,1.235194572804454,-0.2632079568191553,-0.3370334822710879
487,0.6115702479338845,0.8321043079735239,0.4397070408984854,-0.8043926833802758,-0.4660254524162965,-0.22823555548045812
26,0.33884297520661166,-0.07173891710734476,-0.5372265697830256,0.6994219250417403,-0.46127479587656883,0.3573095780908162
116,0.31404958677685957,-1.1599246610557326,-0.8933831180738966,-0.7064120077732333,0.5404897316561776,-0.07977953966773683
158,0.49586776859504145,1.5135830535501418,1.7307641382584462,1.235194572804454,-0.2632079568191553,-0.3370334822710879
161,0.39669421487603307,0.9081021934810801,0.8968305772390944,0.4340755747860039,-0.3498159462508678,-0.7774043712675751
553,0.3305785123966942,0.695312284556475,0.13833837959190504,0.5778277211516695,0.323857924937653,-0.33178459035279584
484,0.2892561983471075,-0.6236203165017705,-0.922240931055965,-0.7064120077732333,0.5404897316561776,-0.07977953966773683
148,0.553719008264463,-0.6236203165017705,-0.9652549375183527,-0.7772560021355986,-0.07076004908102461,-0.3824695179378571
271,0.2975206611570249,0.7516876434534454,-0.7824223691418261,1.0747640788085506,-0.05572591525023931,-0.3556995847883843
336,0.28099173553719015,0.29402717565127146,0.21640612349131924,0.11595889135660457,0.3949575026477654,0.11754943453767938
640,0.4876033057851241,-0.18496390822459383,0.303190383912769,-0.8204072464698957,0.4691989326898688,-0.26372573545824485
259,0.42148760330578516,0.031041795629051943,-0.1671236413332695,-0.2948043948945648,0.9418564729604045,0.3420167824931197
472,0.3553719008264463,0.08854446914911843,0.36392870594408216,0.4737273097606516,-0.5383209110732613,0.7084349413284533
429,0.7272727272727273,1.5717005424833626,1.862133720437916,1.235194572804454,-0.2632079568191553,-0.3370334822710879
20,0.44628099173553726,1.3690192390401457,0.49511159552508993,1.235194572804454,-0.2632079568191553,-0.3370334822710879
341,0.28099173553719015,-0.311446628080721,-0.3591851959954121,-0.6229083717340266,-0.2779485687561488,-0.024149896203151378
309,0.20661157024793397,0.4969407541422217,1.799753935096314,1.0739346360338933,0.11352869214576063,-0.24229746284344203
280,0.47107438016528924,0.7516876434534454,-0.5474273835487664,0.4340755747860039,-0.3498159462508678,-0.7774043712675751
237,0.6446280991735538,1.887834437371183,1.4543387397508434,0.5535527800512344,0.21420830130189308,-0.29678817008586456
99,0.24793388429752072,-0.6236203165017705,-0.2973811631715505,0.3551844839329362,-0.1628881632021243,0.21613433380583666
540,0.43801652892561993,0.2621296248535016,-0.19311420480134056,-0.13048229789105792,0.8029901333904513,0.4457385693327126
292,0.4793388429752068,-0.311446628080721,-0.07412259529057667,-0.6360367708353489,-0.22282774283149803,-0.3064208339401074
299,0.49586776859504145,0.9565736680944078,0.7361531176960567,1.235194572804454,-0.2632079568191553,-0.3370334822710879
666,0.25619834710743805,-0.8282058200763418,-2.2456747025166517,0.4340755747860039,-0.3498159462508678,-0.7774043712675751
465,0.4793388429752068,0.125356547263894,-0.7300529381925829,-0.7124972079952269,-0.03917041981466985,-0.48628284045911574
194,0.28099173553719015,-0.18496390822459383,1.5560615904112363,-0.13048229789105792,0.8029901333904513,0.4457385693327126
386,0.2396694214876034,-1.2692489516965701,-0.4154924047844287,-0.87073410477674,0.6793560712261307,-0.18350132650732975
626,0.6198347107438018,0.21265351974152005,-0.3501229314394538,-0.7830751062551599,-0.4413157580559387,-0.2880431169266432
694,0.2148760330578513,-0.6236203165017705,-0.3771465791434249,-0.057458455598599245,-0.3367088746263007,1.0219441909260862
287,0.2727272727272728,-0.3331684405506112,-1.6419239440972306,0.3962637702091303,-0.7234291758722718,0.9428933127367676
669,0.30578512396694224,-1.4966445224083307,-0.5269121758249835,0.4737273097606516,-0.5383209110732613,0.7084349413284533
192,0.6280991735537191,1.6030987658338032,1.1872266635567423,1.235194572804454,-0.2632079568191553,-0.3370334822710879
33,0.4049586776859505,-0.8282058200763418,-0.9556955597075851,-0.7630806383929252,-0.3127587903956539,-0.49797265579961736
84,0.36363636363636376,1.4736213806841842,0.6909899901645726,0.4340755747860039,-0.3498159462508678,-0.7774043712675751
320,0.2644628099173554,-0.07173891710734476,-0.6797852387845243,0.9325417451166573,-0.27242380931560395,-0.017427890858812
12,0.33884297520661166,1.256802942769435,1.4240330478585392,0.45924523463543593,1.1335790290050483,0.015582143289604906
44,0.7024793388429753,1.9545694026315052,1.777550162303095,1.235194572804454,-0.2632079568191553,-0.3370334822710879
90,0.4297520661157026,-1.2692489516965701,-1.7943990189727763,-0.057458455598599245,-0.3367088746263007,1.0219441909260862
37,0.4628099173553719,1.5069925187732305,0.9212020086467579,1.235194572804454,-0.2632079568191553,-0.3370334822710879
61,0.6776859504132231,1.332521736161488,1.6226396032746377,1.235194572804454,-0.2632079568191553,-0.3370334822710879
42,0.3305785123966942,-0.6236203165017705,-0.019985003299544425,-0.7772560021355986,-0.07076004908102461,-0.3824695179378571
430,0.24793388429752072,-1.3094448960090852,0.8160515508198645,-0.7064120077732333,0.5404897316561776,-0.07977953966773683
588,0.4049586776859505,1.256802942769435,0.2924915417250089,1.0739346360338933,0.11352869214576063,-0.24229746284344203
220,0.3801652892561984,-0.7408466204494151,0.09481899326502566,-0.32019330634487414,0.9684188407483895,0.33994028399906806
157,0.5619834710743803,0.125356547263894,-0.6696588447618974,-0.7374089375755021,-0.6021778952217121,0.05788205124001595
130,0.4628099173553719,-0.1382641448426188,1.1301902296427637,-0.7124972079952269,-0.03917041981466985,-0.48628284045911574
602,0.47107438016528924,-0.311446628080721,-1.1947897315973894,0.49740681762482924,0.053809730863240576,-0.1221373601237359
103,0.4876033057851241,0.23268794777405227,0.7015013971946547,-0.1806138266124535,0.6702343906084196,-0.5195247651345282
393,0.2148760330578513,-1.2310699875117008,0.009405722403446214,-0.87073410477674,0.6793560712261307,-0.18350132650732975
138,0.2975206611570249,1.256802942769435,2.036112075040896,0.45924523463543593,1.1335790290050483,0.015582143289604906
24,0.6446280991735538,1.4600725094628852,0.8985204574264585,1.235194572804454,-0.2632079568191553,-0.3370334822710879
623,0.4049586776859505,1.6030987658338032,0.680700983179988,0.4340755747860039,-0.3498159462508678,-0.7774043712675751
581,0.2975206611570249,-0.029498722218455526,-0.7548651720374837,0.3962637702091303,-0.7234291758722718,0.9428933127367676
385,0.5371900826446281,0.031041795629051943,-0.15087565162327923,-0.7008772384303609,-0.7159953610544133,0.47628661843883785
537,0.3553719008264463,-0.18496390822459383,-0.026112204332659063,-0.2948043948945648,0.9418564729604045,0.3420167824931197
399,0.30578512396694224,-0.28491403083401157,-1.2412183550614435,-0.20571784507143837,-0.5508514041694184,-0.5216053415912916
211,0.7520661157024795,0.6364665206437891,-0.40222042282587583,-0.7265489392477839,-0.4265762562283552,-0.07956808860079563
383,0.4297520661157026,-0.988852503625658,-0.9586507566742952,-0.7772560021355986,-0.07076004908102461,-0.3824695179378571
580,0.0,-1.2310699875117008,-2.106897849189732,-0.6424826564075184,0.7413339683185322,-0.07019074024405322
404,0.42148760330578516,-0.18496390822459383,-1.2080017035966557,-0.87073410477674,0.6793560712261307,-0.18350132650732975
305,0.3801652892561984,-0.311446628080721,-0.22690499922908972,-0.7124972079952269,-0.03917041981466985,-0.48628284045911574
267,0.2975206611570249,-0.7834724838810256,-0.8316546531260357,-0.1404567644929926,0.7346679532852801,0.7003364042278253
207,0.8512396694214877,1.6030987658338032,1.6667459676204268,0.5535527800512344,0.21420830130189308,-0.29678817008586456
100,0.347107438016529,0.1610496505606219,0.820553659208263,-0.1351197960671003,0.9486783798842983,0.41172120055128514
687,0.3553719008264463,-0.8282058200763418,-0.25463750858798634,-0.7008772384303609,-0.7159953610544133,0.47628661843883785
178,0.2975206611570249,-0.9250701662125264,-0.7818842649179414,-0.7772560021355986,-0.07076004908102461,-0.3824695179378571
609,0.5702479338842976,-1.133170135168716,-1.5508857603169999,-0.6129339051320919,-0.20962638865097735,-0.27874773109826406
318,0.4049586776859505,-0.33867051865252407,1.0806007719404327,-0.15587120934136736,0.8295525011784363,0.4436620708386609
586,0.3553719008264463,-0.6236203165017705,-0.557064731562746,0.6159182890025338,0.35716350453575796,0.3016799346262307
388,0.20661157024793397,0.9081021934810801,1.5416324814840998,-0.3982244107425643,-0.7067795085579649,0.15668102702656161
238,0.5950413223140496,1.256802942769435,1.6207586480848426,0.5778277211516695,0.323857924937653,-0.33178459035279584
152,0.4793388429752068,1.1770839543793787,1.0344714169292413,1.235194572804454,-0.2632079568191553,-0.3370334822710879
190,0.23140495867768607,-2.5863883709137725,-2.2604621990831,-0.6234136988788396,-0.5308870962554032,0.24182824703052389
139,0.5289256198347108,1.4046732728195976,0.40485119547804155,1.0342802257686143,0.022334079119165857,-0.28688268253405685
48,0.5206611570247934,0.7405988781853481,0.703497923457846,0.9165271820270376,0.6628005757905612,-0.0529180708365985
337,0.3801652892561984,-2.217396816340763,-1.088120872727065,-0.7772560021355986,-0.07076004908102461,-0.3824695179378571
213,0.5123966942148761,0.695312284556475,1.2211639381159922,0.9325417451166573,-0.27242380931560395,-0.017427890858812
88,0.42148760330578516,0.29402717565127146,1.2297670706096557,0.5471010852894682,-0.1995806485851552,0.082846743135179
591,0.3719008264462811,-0.4554034716330064,-0.39019689300946275,-0.7008772384303609,-0.7159953610544133,0.47628661843883785
641,0.43801652892561993,0.8058185170626824,-0.6314261879939663,-0.8334019645620041,-0.23115861951967684,-0.20781870797572813
416,0.28099173553719015,0.666213702385767,0.8935026289486248,1.235194572804454,-0.2632079568191553,-0.3370334822710879
95,0.8099173553719008,1.7797348008405025,2.1913561099802523,0.4737273097606516,-0.5383209110732613,0.7084349413284533
86,0.1900826446280992,-1.4966445224083307,-1.067850475240833,0.46375284315871707,-0.606643091178433,0.9630327762235661
450,0.33884297520661166,-0.07173891710734476,-1.4835520876663475,0.7035034803003903,-0.3145344478714491,0.2424539105602197
125,0.19834710743801653,-1.0946395154673343,-1.7121262386106646,0.31326546131473687,0.34794765203930905,0.6212855260385064
304,0.2892561983471075,0.5748866974460315,0.7444823122806115,-0.13048229789105792,0.8029901333904513,0.4457385693327126
59,0.41322314049586784,1.2094826870168358,0.7041812432725795,0.45548779500663,0.5646455461046738,0.28301383210893416
334,0.5289256198347108,1.6030987658338032,1.3554293466861276,0.5778277211516695,0.323857924937653,-0.33178459035279584
268,0.23140495867768607,-0.311446628080721,-0.012117632444671149,-0.2300456007541931,0.9734461022267591,0.2382034599718609
678,0.43801652892561993,-0.11564118292646394,-0.23712578490250477,0.6989165978969272,-0.7142133233758232,0.6232877213244913
463,0.6033057851239669,-1.5074328845541147,-1.5020489845278062,-0.6129339051320919,-0.20962638865097735,-0.27874773109826406
43,0.24793388429752072,0.29402717565127146,0.6787254461298022,-0.7269291438287543,-0.28091718761728623,-0.4626939268887719
647,0.28099173553719015,-1.2310699875117008,-0.3640177154303723,-0.87073410477674,0.6793560712261307,-0.18350132650732975
405,0.2148760330578513,-1.1009351176551878,-1.4768543970681887,-0.057458455598599245,-0.3367088746263007,1.0219441909260862
349,0.43801652892561993,0.031041795629051943,-0.6332768908929877,-0.7772560021355986,-0.07076004908102461,-0.3824695179378571
285,0.36363636363636376,0.5102622954471617,0.7507436242045327,0.47150235809625,-0.37057883900149136,0.31850401208672086
512,0.30578512396694224,1.6030987658338032,2.083641808384792,0.45924523463543593,1.1335790290050483,0.015582143289604906
576,0.2148760330578513,1.256802942769435,1.3208950411269766,-0.16918614592629697,-0.6646688700021197,-0.10320077439247018
54,0.25619834710743805,-0.16136381452132648,-0.44474053318645645,-0.7772560021355986,-0.07076004908102461,-0.3824695179378571
670,0.7272727272727273,1.790863883572034,1.1719659881800484,1.235194572804454,-0.2632079568191553,-0.3370334822710879
136,0.2892561983471075,0.21265351974152005,-0.14000141977396094,0.5769982783770123,0.4931125323336526,-0.2183824684078534
29,0.4049586776859505,1.3690192390401457,1.3447332402766472,1.0747640788085506,-0.05572591525023931,-0.3556995847883843
193,0.3801652892561984,-0.6236203165017705,0.7720866807106919,-0.11360441802500441,-0.49710744506495325,1.1965950008882147
482,0.38842975206611574,0.125356547263894,-0.01291100556300536,-0.13048229789105792,0.8029901333904513,0.4457385693327126
534,0.6115702479338845,-0.07173891710734476,1.0340859725428257,-0.06744766527434073,-0.36991098156734986,-0.3726555660677148
160,0.4876033057851241,-0.24632685927021075,0.9881599548902648,-0.2948043948945648,0.9418564729604045,0.3420167824931197
255,0.694214876033058,0.3703263779307338,1.0681319767485178,-0.7630806383929252,-0.3127587903956539,-0.49797265579961736
568,0.3305785123966942,1.6030987658338032,1.1225743918963016,0.45924523463543593,1.1335790290050483,0.015582143289604906
569,0.2975206611570249,-2.059992458244684,-1.9248100665864212,-0.057458455598599245,-0.3367088746263007,1.0219441909260862
671,0.38842975206611574,-0.4868218081902942,-0.08315256489552877,-0.7318009192235425,0.5670520994441623,-0.0818560381617887
276,0.18181818181818188,-0.49967232401833034,0.2198158307945772,0.38534141666778676,0.8644126122375223,0.260591178761034
301,0.28099173553719015,-0.8282058200763418,-0.697264341322016,0.3907290008662582,0.5330559168383193,0.3868271546301928
443,0.2892561983471075,-0.6236203165017705,-1.9878625416852596,-0.7465434071100183,-0.55513322388864,0.1303614502721786
156,0.38842975206611574,1.4600725094628852,0.4684560915930515,1.235194572804454,-0.2632079568191553,-0.3370334822710879
187,0.4297520661157026,0.7516876434534454,0.3590617095596237,0.5778277211516695,0.323857924937653,-0.33178459035279584
104,0.16528925619834722,-0.9250701662125264,-0.035615297795331756,-0.6333881654807743,-0.5992092763605747,0.49642608192563664
469,0.30578512396694224,-1.3094448960090852,-0.7893312548565776,-0.7838755473247543,0.3553814668571673,0.15467883174057706
451,0.22314049586776863,1.5069925187732305,1.367956935563182,0.45924523463543593,1.1335790290050483,0.015582143289604906
121,0.6280991735537191,0.5748866974460315,2.060129638846622,0.7035034803003903,-0.3145344478714491,0.2424539105602197
75,0.41322314049586784,0.125356547263894,-0.3402247790162603,0.31326546131473687,0.34794765203930905,0.6212855260385064
562,0.4628099173553719,1.5069925187732305,1.7246946369257101,1.0747640788085506,-0.05572591525023931,-0.3556995847883843
700,0.4297520661157026,0.3703263779307338,0.33018663883744626,-0.682137066672798,0.6501393552919376,-0.11477595993466783
184,0.5619834710743803,0.5748866974460315,0.3292316926917919,-0.09358741873307867,-0.49367067958578364,-0.33885804334401176
91,0.31404958677685957,-0.8282058200763418,0.17987649640706405,-0.6790543341604316,-0.43834713919480134,0.15050091375897742
577,0.4297520661157026,-0.311446628080721,0.3417217516271088,-0.13048229789105792,0.8029901333904513,0.4457385693327126
510,0.47107438016528924,0.19569893410176986,0.15492911113158608,-0.7772560021355986,-0.07076004908102461,-0.3824695179378571
327,0.8264462809917357,1.332521736161488,0.6976979278601307,-0.7124972079952269,-0.03917041981466985,-0.48628284045911574
414,0.3305785123966942,0.1610496505606219,0.6279358711235865,-0.87073410477674,0.6793560712261307,-0.18350132650732975
630,0.49586776859504145,1.256802942769435,0.7432328913444836,0.9995254909214313,-0.40857625212101956,0.2686897158616622
496,0.5206611570247934,0.10709540615900044,-0.9544975907100887,-0.7772560021355986,-0.07076004908102461,-0.3824695179378571
73,0.39669421487603307,0.125356547263894,-0.2201205862977064,-0.7838755473247543,0.3553814668571673,0.15467883174057706
629,0.2727272727272728,-0.7001132866102491,-0.0701136540924088,-0.1062073567906228,0.9126397570262115,0.4107421490657817
289,0.553719008264463,-0.1382641448426188,0.5532818873761262,-0.6360367708353489,-0.22282774283149803,-0.3064208339401074
10,0.553719008264463,1.4736213806841842,1.3517525739661935,0.5778277211516695,0.323857924937653,-0.33178459035279584
373,0.4297520661157026,0.5748866974460315,0.41825459145634475,0.4340755747860039,-0.3498159462508678,-0.7774043712675751
202,0.2727272727272728,-1.939126928009625,-2.381467065156025,-0.6333881654807743,-0.5992092763605747,0.49642608192563664
660,0.24793388429752072,-0.4554034716330064,0.2920018022262902,-0.06286078287087747,0.029767893937024382,-0.753489376831986
585,0.39669421487603307,-0.3666285129183563,-0.5567581765858617,-0.7465434071100183,-0.55513322388864,0.1303614502721786
